{
  "ann": {
    "loss": 3.628037452697754,
    "accuracy": 0.1469999998807907,
    "classification_report_summary": {
      "macro avg": {
        "precision": 0.14938278364450516,
        "recall": 0.14874861394439215,
        "f1-score": 0.12466541001870236,
        "support": 5000.0
      },
      "weighted avg": {
        "precision": 0.14944496918867284,
        "recall": 0.147,
        "f1-score": 0.12360494027201058,
        "support": 5000.0
      }
    }
  },
  "basic_cnn": {
    "loss": 3.139260768890381,
    "accuracy": 0.23479999601840973,
    "classification_report_summary": {
      "macro avg": {
        "precision": 0.23716826574615704,
        "recall": 0.2371500222735303,
        "f1-score": 0.21053050749669855,
        "support": 5000.0
      },
      "weighted avg": {
        "precision": 0.23601002870174176,
        "recall": 0.2348,
        "f1-score": 0.2083246161388774,
        "support": 5000.0
      }
    }
  },
  "deeper_cnn": {
    "loss": 2.157712697982788,
    "accuracy": 0.4275999963283539,
    "classification_report_summary": {
      "macro avg": {
        "precision": 0.4618572999072709,
        "recall": 0.4302207237340794,
        "f1-score": 0.4118536770994014,
        "support": 5000.0
      },
      "weighted avg": {
        "precision": 0.4632682320976007,
        "recall": 0.4276,
        "f1-score": 0.41080986051639345,
        "support": 5000.0
      }
    }
  }
}